{
    "name": "Frostburn Strike",
    "description": "Attacking an entity has a 20% chance to grant it Slowness 2 for 6 seconds.",
    "type": "origins:target_action_on_hit",
        "entity_action": {
            "type": "origins:chance",
            "action": {
                "type": "origins:apply_effect",
                "effect": {
                    "effect": "minecraft:slowness",
                    "amplifier": 1,
                    "duration": 120
                }
            },
            "chance": 0.20
        },
        "cooldown": 50
}