{
    "name": "Short Stature",
    "description": "You are 1.6 blocks tall.",
    "type": "origins:action_on_callback",
        "entity_action_lost": {
            "type": "origins:and",
            "actions": [
                {
                    "type": "origins:execute_command",
                    "command": "scale set pehkui:height 1",
                    "permission_level": 4
                },
                {
                    "type": "origins:execute_command",
                    "command": "scale set pehkui:width 1",
                    "permission_level": 4
                }
            ]
        },
        "entity_action_added": {
            "type": "origins:and",
            "actions": [
                {
                    "type": "origins:execute_command",
                    "command": "scale set pehkui:height 0.8",
                    "permission_level": 4
                },
                {
                    "type": "origins:execute_command",
                    "command": "scale set pehkui:width 0.8",
                    "permission_level": 4
                }
            ]
        },
        "execute_chosen_when_orb": true
}