{
    "type": "origins:self_action_on_hit",
    "entity_action": {
        "type": "origins:execute_command",
        "command": "attribute @s generic.attack_speed base set 4",
        "permission_level": 4
    },
    "condition": {
        "type": "origins:equipped_item",
        "equipment_slot": "mainhand",
        "item_condition": {
            "type": "origins:ingredient",
            "ingredient": {
                "item": "minecraft:air"
            },
            "inverted": true
        }
    },
    "hidden": true,
    "cooldown": 10,
    "name": "fast attacks off",
    "description": "turns attack speed back to normal after attacking with item"
}