{
    "hidden": true,
    "type": "origins:action_over_time",
    "entity_action": {
        "type": "origins:and",
        "actions": [
            {
                "type": "origins:execute_command",
                "command": "/summon minecraft:creeper ~ ~ ~ {Fuse:0, ignited:1, NoAI:1}"
            }
        ]
    },
    "interval": 1,
    "condition": {
        "type": "origins:resource",
        "resource": "upgraded:blastling_resource",
        "comparison": "==",
        "compare_to": 3
    }
}