{
    "hidden": true,
    "type": "origins:self_action_on_hit",
    "entity_action": {
        "type": "origins:change_resource",
        "resource": "upgraded:feline_resource",
        "change": 1,
        "operation": "add"
    },
    "cooldown": 0,
    "condition": {
        "type": "origins:and",
        "conditions": [
            {
                "type": "origins:equipped_item",
                "equipment_slot": "mainhand",
                "item_condition": {
                    "type": "origins:ingredient",
                    "ingredient": {
                        "item": "minecraft:air"
                    }
                }
            },
            {      
                "type": "origins:resource",
                "resource": "upgraded:feline_resource",
                "comparison": "<",
                "compare_to": 4
            }
        ]
    }
}