{
    "type": "origins:stacking_status_effect",
    "min_stacks": "0",
    "max_stacks": "1",
    "duration_per_stack": "11",
    "effect": {
        "effect": "minecraft:levitation",
        "duration": 20,
        "amplifier": 0,
        "is_ambient": true,
        "show_particles": false,
        "show_icon": true
    },
    "condition": {
        "type": "origins:power_active",
        "power": "*:levitate_toggle"
    },
    "name": "Levitate",
    "description": "This makes you levitate while it's toggled.",
    "hidden": true
}