{
    "name": "Neptune's Blessing",
    "description": "Neptune has answered! While having Water Breathing underwater, you will gain Dolphin's Grace. While wearing a turtle shell above water, you will gain Water Breathing.",
    "type": "origins:multiple",
    "dolphines_grace": {
        "type": "origins:stacking_status_effect",
        "min_stacks": 0,
        "max_stacks": 1,
        "duration_per_stack": 60,
        "effects": [
            {
                "effect": "minecraft:dolphins_grace",
                "is_ambient": true,
                "show_particles": false,
                "show_icon": true
            }
        ],
        "condition": {
            "type": "origins:and",
            "conditions": [
                {
                    "type": "origins:fluid_height",
                    "fluid": "minecraft:water",
                    "comparison": ">=",
                    "compare_to": 1
                },
                {
                    "type": "origins:status_effect",
                    "effect": "minecraft:water_breathing",
                    "min_amplifier": 0
                }
            ]
        }
    },
    "water_breathing": {
        "type": "origins:stacking_status_effect",
        "min_stacks": 0,
        "max_stacks": 1,
        "duration_per_stack": 60,
        "effects": [
            {
                "effect": "minecraft:water_breathing",
                "is_ambient": true,
                "show_particles": false,
                "show_icon": true
            }
        ],
        "condition": {
            "type": "origins:and",
            "conditions": [
                {
                    "type": "origins:fluid_height",
                    "fluid": "minecraft:water",
                    "comparison": "==",
                    "compare_to": 0
                },
                {
                    "type": "origins:equipped_item",
                    "equipment_slot": "head",
                    "item_condition": {
                        "type": "origins:ingredient",
                        "ingredient": {
                            "item": "minecraft:turtle_helmet"
                        }
                    }
                }
            ]
        }
    }
}