{
    "name": "Fill water",
    "description": "Use your secondary key to replace nearby water flow blocks with source blocks",
    "type": "origins:active_self",
    "entity_action": {
        "type": "origins:execute_command",
        "command": "execute as @s run fill ~1 ~1 ~1 ~-1 ~-1 ~-1 minecraft:water replace minecraft:water"
    },
    "cooldown": 10,
    "key": {
        "key": "key.origins.secondary_active"
    },
    "hud_render": {
        "should_render": true,
        "sprite_location": "origins:textures/gui/community/spiderkolo/resource_bar_01.png",
        "bar_index": 5
    }
}