{
    "name": "Frostflare Strike",
    "description": "Attacking an entity has a 10% chance to grant it Slowness 3, additionally, every attack ignites foes.",
    "type": "origins:target_action_on_hit",
        "entity_action": {
            "type": "origins:chance",
            "action": {
                "type": "origins:apply_effect",
                "effect": {
                    "effect": "minecraft:slowness",
                    "amplifier": 2,
                    "duration": 120
                }
            },
            "chance": 0.10
        },
        "cooldown": 50
}