{
    "name": "Fear of Depths",
    "description": "You terror of the water has increased after growing stronger, what lays just below the surface of those depths that makes you so afraid? (You take high amounts of unblockable damage while in water without Water Protection.)",
    "type": "origins:damage_over_time",
    "interval": 20,
    "onset_delay": 1,
    "damage": 4,
    "damage_source": {
        "name": "hurt_by_water",
        "unblockable": true,
        "bypasses_armor": true
    },
    "protection_enchantment": "origins:water_protection",
    "protection_effectiveness": 10.0,
    "condition": {
        "type": "origins:or",
        "conditions": [
            {
                "type": "origins:fluid_height",
                "fluid": "minecraft:water",
                "comparison": ">",
                "compare_to": 0.0
            },
            {
                "type": "origins:in_rain"
            }
        ]
    }
}