{
    "type": "origins:active_self",
    "cooldown": 100,
    "hud_render": {
      "should_render": false
    },
    "condition": {
      "type": "origins:and",
      "conditions": [
        {
          "type": "origins:equipped_item",
          "equipment_slot": "mainhand",
          "item_condition": {
            "type": "origins:ingredient",
            "ingredient": {
              "item": "minecraft:snow_block"
            }
          }
        },
        {
          "type": "origins:food_level",
          "comparison": "<",
          "compare_to": 20
        }
      ]
    },
    "entity_action": {
      "type": "origins:and",
      "actions":  [
        {
          "type": "origins:execute_command",
          "command": "clear @s snow_block 1"
        },
        {
          "type": "origins:execute_command",
          "command": "playsound minecraft:entity.generic.eat player @s ~ ~ ~ 1 1"
        },
        {
          "type": "origins:feed",
          "food": 8,
          "saturation": 1.6
        }
      ]
    },
    "key": {
      "key": "key.use",
      "continuous": true
    },
 	"name": "Snow Eater+",
	"description": "You can now consume the essence of snow blocks to restore hunger. (Heals 4 Hunger bars, has a long cooldown.)"
}