{
    "name": "Snow Trail",
    "description": "Everywhere you go, you leave behind a trail of snow. As long as you're crouching",
    "type": "origins:multiple",
    "trail": {
    "type": "origins:action_over_time",
    "entity_action": {
        "type": "origins:and",
        "actions": [{
            "type": "origins:execute_command",
            "command": "execute if block ~ ~ ~ air unless block ~ ~-1 ~ #snow:non_solid run setblock ~ ~ ~ snow keep",
            "permission_level": 4
        }]
    },
    "condition": {
        "type": "origins:and",
        "conditions": [{
                "type": "origins:block_in_radius",
                "radius": 7,
                "block_condition": {
                    "type": "origins:or",
                    "conditions": [{
                            "type": "origins:block",
                            "block": "minecraft:torch"
                        },
                        {
                            "type": "origins:block",
                            "block": "minecraft:fire"
                        },
                        {
                            "type": "origins:block",
                            "block": "minecraft:campfire"
                        }
                    ]
                },
                "inverted": true
            },
            {
                "type": "origins:sneaking",
                "inverted": false
            }
        ]
    },
    "interval": 2
    },
    "speed": {
        "type": "origins:conditioned_attribute",
        "modifier": {
        "attribute": "minecraft:generic.movement_speed",
        "operation": "addition",
        "value": 0.3
    },
    "tick_rate": 1,
    "condition": {
        "type": "origins:sneaking"
        }
    }
}