{
    "powers": [
        "origins:climbing",
        "origins:master_of_webs",
        "origins:carnivore",
        "roubar:eightlegs",
        "origins:arthropod",
        "roubar:reset",
        "roubar:scalereset",
        "roubar:kineater",
        "roubar:poisonfangs"
    ],
    "icon": {
        "item": "minecraft:cobweb"
    },
    "order": 1,
    "impact": 1,
    "name": "Arachnid",
    "description": "Their climbing abilities and the ability to trap their foes in spiderweb make the Arachnid perfect hunters.",
    "upgrades": {
        "condition": "minecraft:end/kill_dragon",
        "origin": "upgraded:adapted_arachnid",
        "announcement": "You have evolved... Best check your origin again..."
    }
}