{
    "powers": [
        "origins:slow_falling",
        "origins:fresh_air",
        "origins:tailwind",
        "origins:lay_eggs",
        "origins:vegetarian",
        "roubar:reset",
        "roubar:scalereset"
    ],
    "icon": {
        "item": "minecraft:feather"
    },
    "order": 0,
    "impact": 1,
    "name": "Avian",
    "description": "The Avian race has lost their ability to fly a long time ago. Now these peaceful creatures can be seen gliding from one place to another.",
    "upgrades": {
        "condition": "minecraft:end/kill_dragon",
        "origin": "upgraded:adapted_avian",
        "announcement": "You have evolved... Best check your origin again..."
    }
}