{
    "replace": false,
    "order": 0,
    "enabled": true,
    "origins": [
        "upgraded:adapted_blastling",
        "upgraded:adapted_undying",
        "upgraded:adapted_elytrian",
        "upgraded:adapted_enderian",
        "upgraded:adapted_phantom",
        "upgraded:adapted_avian",
        "upgraded:adapted_shulk",
        "upgraded:adapted_blazeborn",
        "upgraded:adapted_feline",
        "upgraded:adapted_merling",
        "upgraded:adapted_arachnid",
        "roubar:blastling",
        "roubar:undying",
        "origins:avian",
        "origins:arachnid",
        "origins:blazeborn",
        "origins:elytrian",
        "origins:enderian",
        "origins:feline",
        "origins:merling",
        "origins:phantom",
        "origins:shulk",
        "ashskel:ashskeleton",
        "ashskel:adapted_ashskeleton",
        "origins:human",
        "upgraded:god",
        "nevian:adapted_nevian",
        "nevian:nevian",
        "snow:level_1_snowball",
	    "snow:level_2_snowball",
	    "snow:level_3_snowball",
        "snow:level_4_snowball",
        "caldera:demon",
        "caldera:adapted_demon"
    ],
    "missing_name": "Administrator",
    "missing_description": "you are the adm",
    "allow_random": true,
    "exclude_random": [
        "origins:human"
    ],
    "allow_random_unchoosable": false
}