{
    "powers": [
        "ashskel:undead",
        "ashskel:firearrow",
        "ashskel:milk",
        "ashskel:bladeofinj_adapt",
        "ashskel:soultread",
        "ashskel:leech",
        "ashskel:size",
        "ashskel:mob",
        "ashskel:heavy",
        "ashskel:infprotect",
        "ashskel:netherbound",
        "ashskel:withered",
        "ashskel:nether_spawn",
        "ashskel:wilting"
    ],
    "icon": "minecraft:wither_skeleton_skull",
    "order": 2,
    "impact": 0,
    "unchoosable": true,
    "name": "Adapted Ashen",
    "description": "Ashes to ashes, dust to dust, after finally having revenge on your arch nemesis, you feel relief and with it you feel a great power surging through you."
}