{
    "powers": [
        "origins:fall_immunity",
        "origins:sprint_jump",
        "origins:nine_lives",
        "origins:scare_creepers",
        "origins:cat_vision",
        "upgraded:freehand",
        "upgraded:faster_attacks",
        "upgraded:attack_stop",
        "upgraded:pounce",
        "upgraded:feline_resource",
        "upgraded:change_feline_resource"
    ],
    "icon": "minecraft:orange_wool",
    "unchoosable": true,
    "order": 11,
    "impact": 1,
    "name": "Adapted Feline",
    "description": "You killed the giant flying mouse! Now you just feel grumpy and aggressive as an Adapted Feline."
}