{
"type": "origins:multiple",

"adaptedmoon":{
    "type": "origins:action_over_time",
      "entity_action": {
	  "type": "origins:apply_effect",
		"effect": {
			"effect":"minecraft:regeneration",
			"duration": 200,
			"amplifier": 3,
			"is_ambient": true,
			"show_particle": false,
			"show_icon": false
		  }
		},
	"condition": {
			"type": "origins:resource",
			"resource": "caldera:demon_adapt/kill_count_adapt",
			"comparison": ">=",
			"compare_to": 300
	},
	"interval": 100	
	},

"uppermoon":{
    "type": "origins:action_over_time",
      "entity_action": {
	  "type": "origins:apply_effect",
		"effect": {
			"effect":"minecraft:regeneration",
			"duration": 200,
			"amplifier": 1,
			"is_ambient": true,
			"show_particle": false,
			"show_icon": false
		  }
		},
	"condition": {
			"type": "origins:resource",
			"resource": "caldera:demon_adapt/kill_count_adapt",
			"comparison": ">=",
			"compare_to": 300
	},
	"interval": 100	
	},
	
"lesserdemon":{
    "type": "origins:action_over_time",
      "entity_action": {
	  "type": "origins:apply_effect",
		"effects": [{
			"effect":"minecraft:regeneration",
			"duration": 200,
			"is_ambient": true,
			"show_particle": false,
			"show_icon": false
		  },
		  {
			"effect":"minecraft:speed",
			"duration": 200,
			"is_ambient": true,
			"show_particle": false,
			"show_icon": false
		  }]
		},
	"interval": 100
	},
	
  "name": "Demonic Physique",
  "description": "Your physical prowess and recovery exceeds that of a regular human. You get stronger the more you kill."
}