{
    "name": "Fire arrows",
    "description": "You friendship with the blazes has given you their blessing giving all non unique arrows flame.",
    "type": "origins:target_action_on_hit",
    "entity_action": {
        "type": "origins:set_on_fire",
        "duration": 5
    },
    "damage_condition": {
        "type": "origins:projectile",
        "projectile": "minecraft:arrow"
    },
    "cooldown": 10,
    "hud_render": {
        "should_render": false,
        "bar_index": 5
    }
}