{
    "type": "origins:active_self",
    "entity_action": {
        "type": "origins:and",
        "actions": [
            {
                "type": "origins:execute_command",
                "command": "/summon minecraft:fireball ~ ~ ~ {life:1200,pickup:0,Motion:[0.0,-2.5,0.0],ExplosionPower:-5}"
            },
            {
                "type": "origins:exhaust",
                "amount": 0.5
            }
        ]
    },
    "cooldown": 40,
    "key": "primary",
    "hud_render": {
        "should_render": true,
        "sprite_location": "origins:textures/gui/resource_bar.png",
        "bar_index": 0
    },
    "name": "Blast Ball",
    "description": "You create a exploding ball underneath you that launches you into the air and knocking away anything nearby you. This does no damage."
}