{
    "type": "origins:multiple",
    "name": "Master of Webs+",
    "description": "Make the world your territory. You retain all previous abilities, but now, the battle with the dragon has left you with new territorial instincts. You gain movement speed and stronger attacks in accordance to the number of cobwebs nearby.",
    "webbing": {
        "type": "origins:target_action_on_hit",
        "cooldown": 120,
        "hud_render": {
            "bar_index": 5
        },
        "entity_action": {
            "type": "origins:block_action_at",
            "block_action": {
                "type": "origins:if_else",
                "condition": {
                    "type": "origins:replacable"
                },
                "if_action": {
                    "type": "origins:set_block",
                    "block": "origins:temporary_cobweb"
                }
            }
        }
    },
    "no_slowdown": {
        "type": "origins:simple"
    },
    "climbing": {
        "type": "origins:climbing",
        "condition": {
            "type": "origins:and",
            "conditions": [
                {
                    "type": "origins:in_block_anywhere",
                    "block_condition": {
                        "type": "origins:in_tag",
                        "tag": "origins:cobwebs"
                    }
                },
                {
                    "type": "origins:power_active",
                    "power": "origins:climbing_toggle"
                }
            ]
        },
        "hold_condition": {
            "type": "origins:power_active",
            "power": "origins:*_climbing"
        }
    },
    "punch_through": {
        "type": "origins:prevent_block_selection",
        "block_condition": {
            "type": "origins:in_tag",
            "tag": "origins:cobwebs"
        },
        "condition": {
            "type": "origins:sneaking",
            "inverted": true
        }
    },
    "sense": {
        "type": "origins:entity_glow",
        "entity_condition": {
            "type": "origins:and",
            "conditions": [
                {
                    "type": "origins:in_block_anywhere",
                    "block_condition": {
                        "type": "origins:in_tag",
                        "tag": "origins:cobwebs"
                    }
                },
                {
                    "type": "origins:entity_group",
                    "group": "arthropod",
                    "inverted": true
                }
            ]
        }
    },
    "web_crafting": {
        "type": "origins:recipe",
        "recipe": {
            "id": "origins:master_of_webs/web_crafting",
            "type": "minecraft:crafting_shapeless",
            "ingredients": [
                {
                    "item": "minecraft:string"
                },
                {
                    "item": "minecraft:string"
                }
            ],
            "result": {
                "item": "minecraft:cobweb"
            }
        }
    },
    "territory_speed": {
        "type": "origins:conditioned_attribute",
        "modifier": {
            "attribute": "minecraft:generic.movement_speed",
            "operation": "addition",
            "value": 0.04,
            "name": "Increased sprinting speed"
        },
        "tick_rate": 20,
        "condition": {
            "type": "origins:block_in_radius",
            "block_condition": {
                "type": "origins:in_tag",
                "tag": "origins:cobwebs"
            },
            "radius": 15,
            "shape": "cube",
            "comparison": ">=",
            "compare_to": 8
        }
    },
    "territory_strength": {
        "type": "origins:conditioned_attribute",
        "modifier": {
            "attribute": "minecraft:generic.attack_damage",
            "operation": "addition",
            "value": 3,
            "name": "Increased sprinting speed"
        },
        "tick_rate": 20,
        "condition": {
            "type": "origins:block_in_radius",
            "block_condition": {
                "type": "origins:in_tag",
                "tag": "origins:cobwebs"
            },
            "radius": 15,
            "shape": "cube",
            "comparison": ">=",
            "compare_to": 16
        }
    }
}