{
    "name": "Need for Mobility+",
    "description": "You can now wear slightly heavier armor (armor with protection values of iron and a diamond helmet).",
    "type": "origins:restrict_armor",
    "head": {
        "type": "origins:armor_value",
        "comparison": ">",
        "compare_to": 3
    },
    "chest": {
        "type": "origins:armor_value",
        "comparison": ">",
        "compare_to": 6
    },
    "legs": {
        "type": "origins:armor_value",
        "comparison": ">",
        "compare_to": 5
    },
    "feet": {
        "type": "origins:armor_value",
        "comparison": ">",
        "compare_to": 2
    }
}