{
    "name": "Thrill of the Hunt",
    "description": "Everytime you attack with your claws, you gain bloodlust. At 4 stacks of bloodlust, you gain slight movement speed, increased reach, and your next attack makes you pounce towards the enemy. This pounce deals extra damage, heals you, and resets your bloodlust.",
    "type": "origins:multiple",
    "pounce": {
        "type": "origins:self_action_on_hit",
        "entity_action": {
            "type": "origins:and",
            "actions": [
                {
                    "type": "origins:execute_command",
                    "command": "particle minecraft:cloud ~ ~ ~ 0.5 0 0.5 0.2 20 normal",
                    "permission_level": 4
                },
                {
                    "type": "origins:execute_command",
                    "command": "playsound minecraft:entity.cat.hiss player @s",
                    "permission_level": 4
                },
                {
                    "type": "origins:add_velocity",
                    "z": 1,
                    "y": 0.8,
                    "space": "local"
                },
                {
                    "type": "origins:exhaust",
                    "amount": 0.8
                }
            ]
        },
        "cooldown": 0,
        "hud_render": {
            "should_render": false,
            "sprite_location": "origins:textures/gui/community/spiderkolo/resource_bar_03.png",
            "bar_index": 1
        },
        "condition": {
            "type": "origins:and",
            "conditions": [
                {
                    "type": "origins:equipped_item",
                    "equipment_slot": "mainhand",
                    "item_condition": {
                        "type": "origins:ingredient",
                        "ingredient": {
                            "item": "minecraft:air"
                        }
                    }
                },
                {      
                    "type": "origins:resource",
                    "resource": "upgraded:feline_resource",
                    "comparison": "==",
                    "compare_to": 4
                }
            ]
        }
    },
    "reach": {
        "type": "origins:conditioned_attribute",
        "modifier": {
            "name": "Extra Reach block reach",
            "attribute": "reach-entity-attributes:reach",
            "value": 3,
            "operation": "addition"
        },
        "condition": {
            "type": "origins:and",
            "conditions": [
                {
                    "type": "origins:equipped_item",
                    "equipment_slot": "mainhand",
                    "item_condition": {
                        "type": "origins:ingredient",
                        "ingredient": {
                            "item": "minecraft:air"
                        }
                    }
                },
                {      
                    "type": "origins:resource",
                    "resource": "upgraded:feline_resource",
                    "comparison": "==",
                    "compare_to": 4
                }
            ]
        }
    },
    "reach2": {
        "type": "origins:conditioned_attribute",
        "modifier": {
            "name": "Extra Reach entity reach",
            "attribute": "reach-entity-attributes:attack_range",
            "value": 1.5,
            "operation": "addition"
        },
        "condition": {
            "type": "origins:and",
            "conditions": [
                {
                    "type": "origins:equipped_item",
                    "equipment_slot": "mainhand",
                    "item_condition": {
                        "type": "origins:ingredient",
                        "ingredient": {
                            "item": "minecraft:air"
                        }
                    }
                },
                {      
                    "type": "origins:resource",
                    "resource": "upgraded:feline_resource",
                    "comparison": "==",
                    "compare_to": 4
                }
            ]
        }
    },
    "damage": {
        "type": "origins:conditioned_attribute",
        "modifier": {
            "attribute": "minecraft:generic.attack_damage",
            "value": 10,
            "operation": "addition"
        },
        "condition": {
            "type": "origins:and",
            "conditions": [
                {
                    "type": "origins:equipped_item",
                    "equipment_slot": "mainhand",
                    "item_condition": {
                        "type": "origins:ingredient",
                        "ingredient": {
                            "item": "minecraft:air"
                        }
                    }
                },
                {      
                    "type": "origins:resource",
                    "resource": "upgraded:feline_resource",
                    "comparison": "==",
                    "compare_to": 4
                }
            ]
        }
    },
    "speed": {
        "type": "origins:conditioned_attribute",
        "modifier": {
            "attribute": "minecraft:generic.movement_speed",
            "value": 0.025,
            "operation": "addition"
        },
        "condition": {
            "type": "origins:and",
            "conditions": [
                {
                    "type": "origins:equipped_item",
                    "equipment_slot": "mainhand",
                    "item_condition": {
                        "type": "origins:ingredient",
                        "ingredient": {
                            "item": "minecraft:air"
                        }
                    }
                },
                {      
                    "type": "origins:resource",
                    "resource": "upgraded:feline_resource",
                    "comparison": "==",
                    "compare_to": 4
                }
            ]
        }
    },
    "heal": {
        "type": "origins:self_action_on_hit",
        "entity_action": {
            "type": "origins:heal",
            "amount": 5.0
        },
        "condition": {
            "type": "origins:and",
            "conditions": [
                {
                    "type": "origins:equipped_item",
                    "equipment_slot": "mainhand",
                    "item_condition": {
                        "type": "origins:ingredient",
                        "ingredient": {
                            "item": "minecraft:air"
                        }
                    }
                },
                {      
                    "type": "origins:resource",
                    "resource": "upgraded:feline_resource",
                    "comparison": "==",
                    "compare_to": 4
                }
            ]
        },
        "cooldown": 0
    },
    "reset": {
        "type": "origins:self_action_on_hit",
        "entity_action": {
            "type": "origins:change_resource",
            "resource": "upgraded:feline_resource",
            "change": -4
        },
        "cooldown": 0,
        "condition": {
            "type": "origins:and",
            "conditions": [
                {
                    "type": "origins:equipped_item",
                    "equipment_slot": "mainhand",
                    "item_condition": {
                        "type": "origins:ingredient",
                        "ingredient": {
                            "item": "minecraft:air"
                        }
                    }
                },
                {      
                    "type": "origins:resource",
                    "resource": "upgraded:feline_resource",
                    "comparison": "==",
                    "compare_to": 4
                }
            ]
        }
    }

}