{
    "type": "origins:fire_projectile",
    "entity_type": "minecraft:small_fireball",
    "tag": "{NoGravity:1b}",
    "cooldown": 200,
    "count": 5,
    "hud_render": {
        "sprite_location": "origins:textures/gui/community/spiderkolo/resource_bar_points_01.png",
        "bar_index": 6
    },
    "continuous": true,
    "speed": 0.2,
    "sound": "item.firecharge.use",
    "divergence": 25,
    "name": "Solar Flare",
    "description": "You can emit a solar flare to burn your enemies.",
    "key": {
        "key": "key.origins.primary_active",
        "continuous": true
    }
}