{
    "type": "origins:stacking_status_effect",
    "min_stacks": "0",
    "max_stacks": "1",
    "duration_per_stack": "11",
    "effect": {
        "effect": "minecraft:resistance",
        "duration": 20,
        "amplifier": 0,
        "is_ambient": true,
        "show_particles": false,
        "show_icon": true
    },
    "condition": {
        "type": "origins:and",
        "conditions": [
            {
        "type": "origins:power_active",
        "power": "*:levitate_toggle"
    },
    {
        "type": "origins:equipped_item",
            "equipment_slot": "legs",
        "item_condition": {
            "type": "origins:enchantment",
            "enchantment": "minecraft:flame",
            "comparison": "==",
            "compare_to": 10
        }
    }
    ]
},
    "name": "resistance levitate",
    "description": "This makes you resistance while it's toggled.",
    "hidden": true
}