{
    "name": "*****",
    "description": "This origin has secrets to tell",
    "type": "origins:multiple",
    "rng": {
        "type": "origins:resource",
        "min": 0,
        "max": 13,
        "hud_render": {
            "should_render": false
    }
    },
    "roll":{
        "type": "origins:active_self",
        "entity_action": {
            "type": "origins:and",
            "actions": [
                {
                    "type": "origins:chance",
                    "action": {
                        "type": "origins:change_resource",
                        "resource": "upgraded:rng_rng",
                        "change": 1
                    },
                    "chance": 0.1
                },
                {
                    "type": "origins:chance",
                    "action": {
                        "type": "origins:change_resource",
                        "resource": "upgraded:rng_rng",
                        "change": 1
                    },
                    "chance": 0.1
                },
                {
                    "type": "origins:chance",
                    "action": {
                        "type": "origins:change_resource",
                        "resource": "upgraded:rng_rng",
                        "change": 1
                    },
                    "chance": 0.1
                },
                {
                    "type": "origins:chance",
                    "action": {
                        "type": "origins:change_resource",
                        "resource": "upgraded:rng_rng",
                        "change": 1
                    },
                    "chance": 0.1
                },
                {
                    "type": "origins:chance",
                    "action": {
                        "type": "origins:change_resource",
                        "resource": "upgraded:rng_rng",
                        "change": 1
                    },
                    "chance": 0.1
                },
                {
                    "type": "origins:chance",
                    "action": {
                        "type": "origins:change_resource",
                        "resource": "upgraded:rng_rng",
                        "change": 1
                    },
                    "chance": 0.1
                },
                {
                    "type": "origins:chance",
                    "action": {
                        "type": "origins:change_resource",
                        "resource": "upgraded:rng_rng",
                        "change": 1
                    },
                    "chance": 0.1
                },
                {
                    "type": "origins:chance",
                    "action": {
                        "type": "origins:change_resource",
                        "resource": "upgraded:rng_rng",
                        "change": 1
                    },
                    "chance": 0.1
                },
                {
                    "type": "origins:chance",
                    "action": {
                        "type": "origins:change_resource",
                        "resource": "upgraded:rng_rng",
                        "change": 1
                    },
                    "chance": 0.1
                },
                {
                    "type": "origins:chance",
                    "action": {
                        "type": "origins:change_resource",
                        "resource": "upgraded:rng_rng",
                        "change": 1
                    },
                    "chance": 0.1
                },
                {
                    "type": "origins:chance",
                    "action": {
                        "type": "origins:change_resource",
                        "resource": "upgraded:rng_rng",
                        "change": 1
                    },
                    "chance": 0.1
                },
                {
                    "type": "origins:chance",
                    "action": {
                        "type": "origins:change_resource",
                        "resource": "upgraded:rng_rng",
                        "change": 1
                    },
                    "chance": 0.1
                },
                {
                    "type": "origins:chance",
                    "action": {
                        "type": "origins:change_resource",
                        "resource": "upgraded:rng_rng",
                        "change": 1
                    },
                    "chance": 0.1
                }
            ]
        },
        "cooldown": 18000,
        "key": {
            "key": "key.origins.secondary_active"
        },
        "hud_render": {
            "should_render": true,
            "sprite_location": "origins:textures/gui/community/spiderkolo/resource_bar_01.png",
            "bar_index": 3
        }
    },
    "effect1": {
        "type": "origins:active_self",
        "entity_action": {
            "type": "origins:delay",
            "ticks": 5,
            "action": {
            "type": "origins:execute_command",
            "command": "summon area_effect_cloud ~ ~ ~ {ReapplicationDelay:19980,Radius:3f,Duration:30,Age:1,Effects:[{Id:1b,Amplifier:0b,Duration:6000,ShowParticles:0b}]}",
            "permission_level": 4
            }
        },
        "condition": {
            "type": "origins:resource",
            "resource": "upgraded:rng_rng",
            "comparison": "==",
            "compare_to": 1
        },
        "cooldown": 18000,
        "key": {
            "key": "key.origins.secondary_active"
        },
        "hud_render": {
            "should_render": false
        }
    },
    "effect2": {
        "type": "origins:active_self",
        "entity_action": {
            "type": "origins:delay",
            "ticks": 5,
            "action": {
            "type": "origins:execute_command",
            "command": "summon area_effect_cloud ~ ~ ~ {ReapplicationDelay:19980,Radius:3f,Duration:30,Age:1,Effects:[{Id:5b,Amplifier:0b,Duration:6000,ShowParticles:0b}]}",
            "permission_level": 4
            }
        },
        "condition": {
            "type": "origins:resource",
            "resource": "upgraded:rng_rng",
            "comparison": "==",
            "compare_to": 2
        },
        "key": {
            "key": "key.origins.secondary_active"
        },
        "cooldown": 18000,
        "hud_render": {
            "should_render": false
        }
    },
    "effect3": {
        "type": "origins:active_self",
        "entity_action": {
            "type": "origins:delay",
            "ticks": 5,
            "action": {
            "type": "origins:execute_command",
            "command": "summon area_effect_cloud ~ ~ ~ {ReapplicationDelay:19980,Radius:3f,Duration:30,Age:1,Effects:[{Id:10b,Amplifier:0b,Duration:6000,ShowParticles:0b}]}",
            "permission_level": 4
            }
        },
        "condition": {
            "type": "origins:resource",
            "resource": "upgraded:rng_rng",
            "comparison": "==",
            "compare_to": 3
        },
        "key": {
            "key": "key.origins.secondary_active"
        },
        "cooldown": 18000,
        "hud_render": {
            "should_render": false
        }
    },
    "effect4": {
        "type": "origins:active_self",
        "entity_action": {
            "type": "origins:delay",
            "ticks": 5,
            "action": {
            "type": "origins:execute_command",
            "command": "summon area_effect_cloud ~ ~ ~ {ReapplicationDelay:19980,Radius:3f,Duration:30,Age:1,Effects:[{Id:14b,Amplifier:0b,Duration:6000,ShowParticles:0b}]}",
            "permission_level": 4
            }
        },
        "condition": {
            "type": "origins:resource",
            "resource": "upgraded:rng_rng",
            "comparison": "==",
            "compare_to": 4
        },
        "key": {
            "key": "key.origins.secondary_active"
        },
        "cooldown": 18000,
        "hud_render": {
            "should_render": false
        }
    },
    "effect5": {
        "type": "origins:active_self",
        "entity_action": {
            "type": "origins:delay",
            "ticks": 5,
            "action": {
            "type": "origins:execute_command",
            "command": "summon area_effect_cloud ~ ~ ~ {ReapplicationDelay:19980,Radius:3f,Duration:30,Age:1,Effects:[{Id:1b,Amplifier:0b,Duration:6000,ShowParticles:0b},{Id:5b,Amplifier:0b,Duration:6000,ShowParticles:0b}]}",
            "permission_level": 4
            }
        },
        "condition": {
            "type": "origins:resource",
            "resource": "upgraded:rng_rng",
            "comparison": "==",
            "compare_to": 5
        },
        "key": {
            "key": "key.origins.secondary_active"
        },
        "cooldown": 18000,
        "hud_render": {
            "should_render": false
        }
    },
    "effect6": {
        "type": "origins:active_self",
        "entity_action": {
            "type": "origins:delay",
            "ticks": 5,
            "action": {
            "type": "origins:execute_command",
            "command": "summon area_effect_cloud ~ ~ ~ {ReapplicationDelay:19980,Radius:3f,Duration:30,Age:1,Effects:[{Id:1b,Amplifier:0b,Duration:6000,ShowParticles:0b},{Id:14b,Amplifier:0b,Duration:6000,ShowParticles:0b}]}",
            "permission_level": 4
            }
        },
        "condition": {
            "type": "origins:resource",
            "resource": "upgraded:rng_rng",
            "comparison": "==",
            "compare_to": 6
        },
        "key": {
            "key": "key.origins.secondary_active"
        },
        "cooldown": 18000,
        "hud_render": {
            "should_render": false
        }
    },
    "effect7": {
        "type": "origins:active_self",
        "entity_action": {
            "type": "origins:delay",
            "ticks": 5,
            "action": {
            "type": "origins:execute_command",
            "command": "summon area_effect_cloud ~ ~ ~ {ReapplicationDelay:19980,Radius:3f,Duration:30,Age:1,Effects:[{Id:1b,Amplifier:0b,Duration:6000,ShowParticles:0b},{Id:10b,Amplifier:0b,Duration:6000,ShowParticles:0b}]}",
            "permission_level": 4
            }
        },
        "condition": {
            "type": "origins:resource",
            "resource": "upgraded:rng_rng",
            "comparison": "==",
            "compare_to": 7
        },
        "key": {
            "key": "key.origins.secondary_active"
        },
        "cooldown": 18000,
        "hud_render": {
            "should_render": false
        }
    },
    "effect8": {
        "type": "origins:active_self",
        "entity_action": {
            "type": "origins:delay",
            "ticks": 5,
            "action": {
            "type": "origins:execute_command",
            "command": "summon area_effect_cloud ~ ~ ~ {ReapplicationDelay:19980,Radius:3f,Duration:30,Age:1,Effects:[{Id:10b,Amplifier:0b,Duration:6000,ShowParticles:0b},{Id:14b,Amplifier:0b,Duration:6000,ShowParticles:0b}]}",
            "permission_level": 4
            }
        },
        "condition": {
            "type": "origins:resource",
            "resource": "upgraded:rng_rng",
            "comparison": "==",
            "compare_to": 8
        },
        "key": {
            "key": "key.origins.secondary_active"
        },
        "cooldown": 18000,
        "hud_render": {
            "should_render": false
        }
    },
    "effect9": {
        "type": "origins:active_self",
        "entity_action": {
            "type": "origins:delay",
            "ticks": 5,
            "action": {
            "type": "origins:execute_command",
            "command": "summon area_effect_cloud ~ ~ ~ {ReapplicationDelay:19980,Radius:3f,Duration:30,Age:1,Effects:[{Id:5b,Amplifier:0b,Duration:6000,ShowParticles:0b},{Id:10b,Amplifier:0b,Duration:6000,ShowParticles:0b}]}",
            "permission_level": 4
            }
        },
        "condition": {
            "type": "origins:resource",
            "resource": "upgraded:rng_rng",
            "comparison": "==",
            "compare_to": 9
        },
        "key": {
            "key": "key.origins.secondary_active"
        },
        "cooldown": 18000,
        "hud_render": {
            "should_render": false
        }
    },
    "effect10": {
        "type": "origins:active_self",
        "entity_action": {
            "type": "origins:delay",
            "ticks": 5,
            "action": {
            "type": "origins:execute_command",
            "command": "summon area_effect_cloud ~ ~ ~ {ReapplicationDelay:19980,Radius:3f,Duration:30,Age:1,Effects:[{Id:1b,Amplifier:0b,Duration:6000,ShowParticles:0b},{Id:5b,Amplifier:0b,Duration:6000,ShowParticles:0b},{Id:10b,Amplifier:0b,Duration:6000,ShowParticles:0b}]}",
            "permission_level": 4
            }
        },
        "condition": {
            "type": "origins:resource",
            "resource": "upgraded:rng_rng",
            "comparison": "==",
            "compare_to": 10
        },
        "key": {
            "key": "key.origins.secondary_active"
        },
        "cooldown": 18000,
        "hud_render": {
            "should_render": false
        }
    },
    "effect11": {
        "type": "origins:active_self",
        "entity_action": {
            "type": "origins:delay",
            "ticks": 5,
            "action": {
            "type": "origins:execute_command",
            "command": "summon area_effect_cloud ~ ~ ~ {ReapplicationDelay:19980,Radius:3f,Duration:30,Age:1,Effects:[{Id:1b,Amplifier:1b,Duration:6000,ShowParticles:0b},{Id:5b,Amplifier:1b,Duration:6000,ShowParticles:0b},{Id:10b,Amplifier:1b,Duration:6000,ShowParticles:0b},{Id:14b,Amplifier:0b,Duration:6000,ShowParticles:0b}]}",
            "permission_level": 4
            }
        },
        "condition": {
            "type": "origins:resource",
            "resource": "upgraded:rng_rng",
            "comparison": "==",
            "compare_to": 11
        },
        "key": {
            "key": "key.origins.secondary_active"
        },
        "cooldown": 18000,
        "hud_render": {
            "should_render": false
        }
    },
    "effect12": {
        "type": "origins:active_self",
        "entity_action": {
            "type": "origins:delay",
            "ticks": 5,
            "action": {
            "type": "origins:execute_command",
            "command": "summon area_effect_cloud ~ ~ ~ {ReapplicationDelay:19980,Radius:3f,Duration:30,Age:1,Effects:[{Id:1b,Amplifier:2b,Duration:6000,ShowParticles:0b},{Id:5b,Amplifier:2b,Duration:6000,ShowParticles:0b},{Id:10b,Amplifier:2b,Duration:6000,ShowParticles:0b},{Id:14b,Amplifier:0b,Duration:6000,ShowParticles:0b}]}",
            "permission_level": 4
            }
        },
        "condition": {
            "type": "origins:resource",
            "resource": "upgraded:rng_rng",
            "comparison": "==",
            "compare_to": 12
        },
        "key": {
            "key": "key.origins.secondary_active"
        },
        "cooldown": 18000,
        "hud_render": {
            "should_render": false
        }
    },
    "effect13": {
        "type": "origins:active_self",
        "entity_action": {
            "type": "origins:delay",
            "ticks": 5,
            "action": {
            "type": "origins:execute_command",
            "command": "summon area_effect_cloud ~ ~ ~ {ReapplicationDelay:19980,Radius:3f,Duration:30,Age:1,Effects:[{Id:1b,Amplifier:2b,Duration:6000,ShowParticles:0b},{Id:5b,Amplifier:4b,Duration:6000,ShowParticles:0b},{Id:10b,Amplifier:4b,Duration:6000,ShowParticles:0b},{Id:11b,Amplifier:2b,Duration:6000,ShowParticles:0b}]}",
            "permission_level": 4
            }
        },
        "condition": {
            "type": "origins:resource",
            "resource": "upgraded:rng_rng",
            "comparison": "==",
            "compare_to": 13
        },
        "key": {
            "key": "key.origins.secondary_active"
        },
        "cooldown": 18000,
        "hud_render": {
            "should_render": false
        }
    },
    "resourceclear": {
        "type": "origins:active_self",
        "entity_action": {
            "type": "origins:delay",
            "ticks": 10,
            "action": {
            "type": "origins:execute_command",
            "command": "resource set @s upgraded:rng_rng 0",
            "permission_level": 4
            }
        },
        "key": {
            "key": "key.origins.secondary_active"
        },
        "cooldown": 18000,
        "hud_render": {
            "should_render": false
        }
    }
}