{
    "name": "Cursed Prison",
    "description": "You are only able to wear armor that's cursed, with the exception of leather.",
    "type": "origins:restrict_armor",
    "head": {
        "type": "origins:and",
		"conditions":[
            {
			    "type": "origins:enchantment",
			    "enchantment": "minecraft:binding_curse",
			    "comparison": "<",
			    "compare_to": 1
		    },
		    {
			    "type": "origins:enchantment",
			    "enchantment": "minecraft:vanishing_curse",
			    "comparison": "<",
			    "compare_to": 1
		    },
            {
                "type": "origins:ingredient",
                "ingredient": {
                    "item": "minecraft:leather_helmet"
                },
                "inverted": true
            }
		]
    },
    "chest": {
        "type": "origins:and",
		"conditions":[
            {
			    "type": "origins:enchantment",
			    "enchantment": "minecraft:binding_curse",
			    "comparison": "<",
			    "compare_to": 1
		    },
		    {
			    "type": "origins:enchantment",
			    "enchantment": "minecraft:vanishing_curse",
			    "comparison": "<",
			    "compare_to": 1
		    },
            {
                "type": "origins:ingredient",
                "ingredient": {
                    "item": "minecraft:leather_chestplate"
                },
                "inverted": true
            }
		]
    },
    "legs": {
        "type": "origins:and",
		"conditions":[
            {
			    "type": "origins:enchantment",
			    "enchantment": "minecraft:binding_curse",
			    "comparison": "<",
			    "compare_to": 1
		    },
		    {
			    "type": "origins:enchantment",
			    "enchantment": "minecraft:vanishing_curse",
			    "comparison": "<",
			    "compare_to": 1
		    },
            {
                "type": "origins:ingredient",
                "ingredient": {
                    "item": "minecraft:leather_leggings"
                },
                "inverted": true
            }
		]
    },
    "feet": {
        "type": "origins:and",
		"conditions":[
            {
			    "type": "origins:enchantment",
			    "enchantment": "minecraft:binding_curse",
			    "comparison": "<",
			    "compare_to": 1
		    },
		    {
			    "type": "origins:enchantment",
			    "enchantment": "minecraft:vanishing_curse",
			    "comparison": "<",
			    "compare_to": 1
		    },
            {
                "type": "origins:ingredient",
                "ingredient": {
                    "item": "minecraft:leather_boots"
                },
                "inverted": true
            }
		]
	}
}