{
    "name": "Blade of Injury+",
    "description": "You can activate your bloodline that time you can hit enemies for a 50% chance to apply wither II for 8 seconds to them.",
    "type": "origins:multiple",
    "timer": {
        "type": "origins:resource",
        "min": 0,
        "max": 8,
        "hud_render": {
            "should_render": true,
            "bar_index": 19,
            "sprite_location": "origins:textures/gui/community/spiderkolo/resource_bar_02.png"
        }
    },
    "drain": {
        "type": "origins:action_over_time",
        "entity_action": {
            "type": "origins:change_resource",
            "resource": "ashskel:bladeofinj_adapt_timer",
            "change": -1
        },
        "interval": 20
    },
    "start": {
        "type": "origins:active_self",
        "entity_action": {
            "type": "origins:change_resource",
            "resource": "ashskel:bladeofinj_adapt_timer",
            "change": 10
        },
        "key": {
            "key": "key.origins.primary_active"
        },
        "cooldown": 200,
        "hud_render": {
            "should_render": true,
            "bar_index": 9,
            "sprite_location": "origins:textures/gui/community/spiderkolo/resource_bar_03.png"
        }
    },
    "hits": {
        "type": "origins:target_action_on_hit",
        "entity_action": {
            "type": "origins:chance",
            "action": {
                "type": "origins:apply_effect",
                "effect": {
                    "effect": "minecraft:wither",
                    "amplifier": 1,
                    "duration": 160
                }
            },
            "chance": 0.5
        },
        "cooldown": 10,
        "condition": {
            "type": "origins:resource",
            "resource": "ashskel:bladeofinj_adapt_timer",
            "comparison": ">",
            "compare_to": 0
        },
        "hud_render": {
            "should_render": false,
            "bar_index": 5
        }
    },
    "heal": {
        "type": "origins:action_over_time",
        "falling_action": {
            "type": "origins:heal",
            "amount": 6
        },
        "condition": {
            "type": "origins:resource",
            "resource": "ashskel:bladeofinj_adapt_timer",
            "comparison": "==",
            "compare_to": 1
        },
        "interval": 10
    }
}