{
    "name": "Soul treads",
    "description": "Gain .06 speed on soul sand and soil.",
    "type": "origins:multiple",
    "sand": {
        "type": "origins:conditioned_attribute",
        "modifier": {
            "name": "+0.06 speed on soul sand",
            "attribute": "minecraft:generic.movement_speed",
            "value": 0.1,
            "operation": "addition"
        },
        "tick_rate": 2,
        "condition": {
            "type": "origins:on_block",
            "block_condition": {
                "type": "origins:block",
                "block": "minecraft:soul_sand"
            }
        }
    },
    "soil": {
        "type": "origins:conditioned_attribute",
        "modifier": {
            "name": "+0.06 speed on soul soil",
            "attribute": "minecraft:generic.movement_speed",
            "value": 0.06,
            "operation": "addition"
        },
        "tick_rate": 2,
        "condition": {
            "type": "origins:on_block",
            "block_condition": {
                "type": "origins:block",
                "block": "minecraft:soul_soil"
            }
        }
    }
}