{
    "type": "origins:multiple",
    "hidden": false,
    "name": "Withered",
    "description": "Your body has gained immunities to simple things such as fire, poison, and wither effect. But you still have space cancer. Wither skeletons also don't attack on sight.",
    "effects": {
        "type": "origins:effect_immunity",
        "effects": [
            "minecraft:poison",
            "minecraft:wither"
        ]
    },
    "fire": {
        "type": "origins:fire_immunity"
    },
    "armor": {
        "type": "origins:attribute",
        "modifier": {
            "operation": "addition",
            "value": -2,
            "name": "-2 armor toughness",
            "attribute": "minecraft:generic.armor_toughness"
        }
    }
}