{
    "hidden": true,
    "type": "origins:prevent_death",
    "entity_action": {
        "type": "origins:and",
        "actions": [
            {
                "type": "origins:clear_effect"
            },
            {
                "type": "origins:apply_effect",
                "effects": [
                    {
                        "effect": "minecraft:regeneration",
                        "amplifier": 2,
                        "duration": 240
                    },
                    {
                        "effect": "minecraft:fire_resistance",
                        "duration": 1200
                    },
                    {
                        "effect": "minecraft:absorption",
                        "amplifier": 4,
                        "duration": 1200
                    },
                    {
                        "effect": "minecraft:weakness",
                        "amplifier": 0,
                        "duration": 1200
                    }
                ]
            },
            {
                "type": "origins:change_resource",
                "resource": "roubar:undying_resource",
                "change": -6000
            }
        ]
    },
    "condition": {
        "type": "origins:resource",
        "resource": "roubar:undying_resource",
        "comparison": "==",
        "compare_to": 6000
    }
}