{
	"powers": [
				"caldera:demon_adapt/effects_adapt",
				"caldera:demon_adapt/kill_count_adapt",
				"caldera:demon_adapt/kill_count_on_kill_adapt",
				"caldera:demon_adapt/kill_count_on_death_adapt",
				"caldera:demon_adapt/kill_count_evolve_adapt",
				"caldera:demon/jump",
				"caldera:demon/jump_count",
				"caldera:demon_adapt/jump_cooldown_adapt",
				"caldera:demon_adapt/compass_adapt",
				"caldera:demon/night_vision",
				"origins:fall_immunity",
				"caldera:demon/exhaust",
				"caldera:demon/man_eater",
				"caldera:demon/no_eating",
				"origins:nether_spawn",
				"caldera:demon/cursed",
				"caldera:demon/no_shield",
				"caldera:demon/particles",
                "caldera:demon_adapt/adapt_sun",
				"caldera:credits",
				"origins:swim_speed",
				"origins:water_breathing",
				"origins:aqua_affinity",
				"origins:swim_speed",
				"origins:like_water",
				"origins:aquatic",
				"origins:conduit_power_on_land",
				"origins:air_from_potions",
				"caldera:demon_adapt/waterfill",
				"caldera:merlingspeed"
	],
	"icon": "minecraft:crimson_stem",
	"order": 8,
	"impact": 3,
	"unchoosable": true,
	"name": "Adapted Merling demon",
	"description": "After adapting your inhumane features have only grown turning you into an unkillable force of pure offence"
}