{
	"powers": [
				"caldera:demon/effects",
				"caldera:demon/kill_count",
				"caldera:demon/kill_count_on_kill",
				"caldera:demon/kill_count_on_death",
				"caldera:demon/kill_count_evolve",
				"caldera:demon/jump",
				"caldera:demon/jump_count",
				"caldera:demon/jump_cooldown",
				"caldera:demon/night_vision",
				"origins:fall_immunity",
				"caldera:demon/exhaust",
				"caldera:demon/man_eater",
				"caldera:demon/no_eating",
				"caldera:demon/bed",
				"caldera:demon/sun",
				"caldera:demon/cursed",
				"caldera:demon/no_shield",
				"caldera:demon/particles",
				"caldera:demon/reset",
				"caldera:credits",
				"origins:water_breathing",
        		"origins:aqua_affinity",
        		"origins:swim_speed",
        		"origins:like_water",
        		"origins:aquatic",
        		"origins:conduit_power_on_land",
        		"origins:air_from_potions",
				"caldera:merlingspeed"
	],
	"icon": "minecraft:crimson_fungus",
	"order": 7,
	"impact": 3,
	"unchoosable": false,
	"name": "Merling Demon",
	"description": "A race of monstrous, supernatural, and malevolent beings, demons possess a murderous instinct to kill and devour humans, and have lost most of their memories from their human life.",
	"upgrades":{
        "condition": "minecraft:end/kill_dragon",
        "origin": "caldera:adapted_demon",
        "announcement": "You have evolved... Best check your origin again..."}
}